{"cameraMode":{"drawMode":0,"name":"Shaded","section":"Shading Mode"},"sceneLighting":true,"audioPlay":false,"sceneViewState":{"m_AlwaysRefresh":false,"showFog":true,"showSkybox":true,"showFlares":true,"showImageEffects":true,"showParticleSystems":true,"showVisualEffectGraphs":true,"m_FxEnabled":true},"in2DMode":false,"pivot":{"x":-0.09501329809427262,"y":2.8018128871917726,"z":1.6006578207015992},"rotation":{"x":0.00428500771522522,"y":0.9787447452545166,"z":-0.02055661380290985,"w":0.2040117233991623},"size":0.27522751688957217,"orthographic":false}