{"cameraMode":{"drawMode":0,"name":"Shaded","section":"Shading Mode"},"sceneLighting":true,"audioPlay":false,"sceneViewState":{"m_AlwaysRefresh":false,"showFog":true,"showSkybox":true,"showFlares":true,"showImageEffects":true,"showParticleSystems":true,"showVisualEffectGraphs":true,"m_FxEnabled":true},"in2DMode":false,"pivot":{"x":2.2907345294952394,"y":2.7899866104125978,"z":3.86993145942688},"rotation":{"x":0.10532913357019425,"y":0.3439151346683502,"z":-0.038850635290145877,"w":0.9322986006736755},"size":1.0645729303359986,"orthographic":false}