{"cameraMode":{"drawMode":0,"name":"Shaded","section":"Shading Mode"},"sceneLighting":true,"audioPlay":false,"sceneViewState":{"m_AlwaysRefresh":false,"showFog":true,"showSkybox":true,"showFlares":true,"showImageEffects":true,"showParticleSystems":true,"showVisualEffectGraphs":true,"m_FxEnabled":true},"in2DMode":false,"pivot":{"x":3.8814682960510256,"y":0.7865176200866699,"z":-0.3932121992111206},"rotation":{"x":0.14599934220314027,"y":0.7739476561546326,"z":-0.19309093058109284,"w":0.5851853489875794},"size":3.4401559829711916,"orthographic":false}