{"cameraMode":{"drawMode":0,"name":"Shaded","section":"Shading Mode"},"sceneLighting":true,"audioPlay":false,"sceneViewState":{"m_AlwaysRefresh":false,"showFog":true,"showSkybox":true,"showFlares":true,"showImageEffects":true,"showParticleSystems":true,"showVisualEffectGraphs":true,"m_FxEnabled":true},"in2DMode":false,"pivot":{"x":-9.098987579345704,"y":-1.6410973072052003,"z":7.533749580383301},"rotation":{"x":-0.07882831990718842,"y":0.4786321520805359,"z":-0.043182265013456348,"w":-0.8734351396560669},"size":10.566659927368164,"orthographic":false}