{"cameraMode":{"drawMode":0,"name":"Shaded","section":"Shading Mode"},"sceneLighting":true,"audioPlay":false,"sceneViewState":{"m_AlwaysRefresh":false,"showFog":true,"showSkybox":true,"showFlares":true,"showImageEffects":true,"showParticleSystems":true,"showVisualEffectGraphs":true,"m_FxEnabled":true},"in2DMode":false,"pivot":{"x":0.05493372678756714,"y":1.0271048545837403,"z":5.025626182556152},"rotation":{"x":-0.14059072732925416,"y":0.023759346455335618,"z":-0.003374825231730938,"w":-0.9897773265838623},"size":9.434555053710938,"orthographic":false}