{"cameraMode":{"drawMode":0,"name":"Shaded","section":"Shading Mode"},"sceneLighting":false,"audioPlay":false,"sceneViewState":{"m_AlwaysRefresh":false,"showFog":true,"showSkybox":false,"showFlares":true,"showImageEffects":true,"showParticleSystems":true,"showVisualEffectGraphs":true,"m_FxEnabled":true},"in2DMode":false,"pivot":{"x":7.271245956420898,"y":1.9323532581329346,"z":-2.3640408515930177},"rotation":{"x":-0.09153986722230911,"y":0.48445814847946169,"z":-0.05104522034525871,"w":-0.868545651435852},"size":0.12206248939037323,"orthographic":false}