{"cameraMode":{"drawMode":0,"name":"Shaded","section":"Shading Mode"},"sceneLighting":false,"audioPlay":false,"sceneViewState":{"m_AlwaysRefresh":false,"showFog":true,"showSkybox":false,"showFlares":true,"showImageEffects":true,"showParticleSystems":true,"showVisualEffectGraphs":true,"m_FxEnabled":true},"in2DMode":false,"pivot":{"x":0.007021382451057434,"y":0.005711555480957031,"z":0.009242787957191468},"rotation":{"x":-0.06494668871164322,"y":0.933459460735321,"z":-0.2195531129837036,"w":-0.27621105313301089},"size":0.13316918909549714,"orthographic":false}